id,featured,tag,title,date,author,description,bannerImage,gridImage,buttonText,link,body1,inlineImage1,inlineCaption1,body2
hiboo-road-to-tgm-2026,TRUE,ROSTER,WELCOME HIBOO: ROAD TO THE GRAND MAJOR 2026,"August 21, 2026",Ape Squad,Ape Squad is proud to officially sign Hiboo! MyungTan • Latte • Byusl • OOO.,/images/news/bannerblue.png,/images/news/hibooroster.jpg,READ ARTICLE,,"Ape Squad is proud to officially sign Hiboo as our roster for the Road to The Grand Major 2026!

Roster:
MyungTan • Latte • Byusl • OOO",/images/news/hiboo.jpg,Roster announcement graphic,"Their first challenge in Ape Squad colors begins soon in the APAC Cycle 4 Top 8 as they fight for their spot on the Road to The Grand Major 2026.

Make sure to tune in and cheer them on. Welcome to the Squad!"
nations-cup-2026,TRUE,TOURNAMENT,THE FINALS: NATIONS CUP,"July 10, 2026",Ape Squad,"THE FINALS is entering a new arena on July 15. Introducing THE FINALS: NATIONS CUP, a first-of-its-kind tournament presented by the Kansas City Pioneers and Sporting KC, with live broadcast production by Ape Squad.",/images/news/bannerblue.png,/images/news/kcpnationscup.png,READ ARTICLE,,"THE FINALS is entering a whole new arena on July 15, 2026. Introducing THE FINALS: NATIONS CUP. A tournament featuring top creators, pro players, and community challengers battling for supremacy.

This premier event will be featured live on the big screen at Sporting Park during the highly anticipated Soccer Capital Gaming Experience, presented by the Kansas City Pioneers (KCP) and Sporting KC.",/images/news/nationscup.png,THE FINALS: Nations Cup kicks off live on July 15th at 1PM CT.,"Supported officially by Embark Studios, the entire broadcast production is powered by Ape Squad, ensuring a premium viewing experience for fans worldwide. The tournament features a live Captains Draft from the player pool, and community games.

Think you and your squad have what it takes to represent your nation? Registration is officially open now. Head over to <a href=""https://hostedbykcp.com/nations-cup"">hostedbykcp.com/nations-cup</a> to secure your spot, or tune in live on July 15 at 1PM CT at <a href=""https://twitch.tv/pioneersgg"">twitch.tv/pioneersgg</a>!"
TGM26-Top16,TRUE,TOURNAMENT,TGM26 Top 16 Broadcast,"May 28, 2026",Ape Squad,Ape Squad is proud to bring the action to fans around the world as we co-stream the TGM26 Top 16 AMER and EMEA Qualification rounds.,/images/news/bannerred.png,/images/news/tgm26.jpg,ENTER ARENA,,"The road to greatness continues. As the competition reaches its most critical stage, the world's best teams will battle for a chance to secure their place among the elite. Every cashout, every clutch play, and every split-second decision matters as players fight to keep their championship dreams alive.


<a href=""https://www.youtube.com/watch?v=x07htAA1v9A&list=PL1bwu__yJTKFy8G-DTxh-5sHqLq4QYKL1"">Watch AMERICAS Here</a><br>
<a href=""https://www.youtube.com/watch?v=N1GXYuVu7Og&list=PLHtEB-kkW6ck&pp=0gcJCe4COCosWNin"">Watch EMEA Here</a><br><br>

Ape Squad is excited to announce that we will be co-streaming the TGM26 Top 16 AMER and EMEA Qualification rounds, bringing fans comprehensive coverage, live analysis, and all the unforgettable moments that make THE FINALS one of the most exciting esports titles in the world.",/images/news/tgm26.jpg,The TGM26 Top 16 stage is set as the best teams in AMER and EMEA prepare to compete.,"With qualification spots on the line, viewers can expect intense matchups between established contenders and rising challengers looking to make their mark on the competitive scene. The stakes have never been higher, and every match could define a team's season.

Whether you're supporting your favorite roster, scouting the competition, or simply enjoying high-level gameplay, our broadcast will ensure you don't miss a single moment of the action.

Join us live as we follow the journey of the remaining teams and witness who will emerge from the Top 16 to continue their pursuit of championship glory."